{
  "total": 28058771.997554075,
  "gauges": {
    "0x903dA6213a5A12B61c821598154EfAd98C3B20E4": {
      "total": 6009607.406173134,
      "voters": {
        "0xAAc0aa431c237C2C0B5f041c8e59B3f1a43aC78F": 689057.7977947036,
        "0xD7625B5eb8c96128A901EF90FE0ED01C287d253B": 339.946,
        "0x3B27944505847cb14f3F2983638d082c8D9526d0": 433.0015753535091,
        "0xde1E6A7ED0ad3F61D531a8a78E83CcDdbd6E0c49": 5309076.953724733,
        "0x8a7F162dAaC546997cc36B6B7C528A21800507B9": 2000.1147998319748,
        "0x6Cc1a726e7f9F3BC5046ad7225a7F5A7280A9415": 6223.841433752788,
        "0xd334533980C201c1b93e39bBE6bD1E04be5C0f5D": 2475.750844759808
      }
    },
    "0x7E1444BA99dcdFfE8fBdb42C02F0005D14f13BE1": {
      "total": 3342378.8383933944,
      "voters": {
        "0xAAc0aa431c237C2C0B5f041c8e59B3f1a43aC78F": 687407.3599556745,
        "0x3B27944505847cb14f3F2983638d082c8D9526d0": 433.0015753535091,
        "0xde1E6A7ED0ad3F61D531a8a78E83CcDdbd6E0c49": 2654538.4768623663
      }
    },
    "0xaa386EF96A910Ee2F9cbEf7B139e99A88DF3b2ba": {
      "total": 3342378.8383933944,
      "voters": {
        "0xAAc0aa431c237C2C0B5f041c8e59B3f1a43aC78F": 687407.3599556745,
        "0x3B27944505847cb14f3F2983638d082c8D9526d0": 433.0015753535091,
        "0xde1E6A7ED0ad3F61D531a8a78E83CcDdbd6E0c49": 2654538.4768623663
      }
    },
    "0xAB1927160EC7414C6Fa71763E2a9f3D107c126dd": {
      "total": 3342378.8383933944,
      "voters": {
        "0xAAc0aa431c237C2C0B5f041c8e59B3f1a43aC78F": 687407.3599556745,
        "0x3B27944505847cb14f3F2983638d082c8D9526d0": 433.0015753535091,
        "0xde1E6A7ED0ad3F61D531a8a78E83CcDdbd6E0c49": 2654538.4768623663
      }
    },
    "0xc2075702490F0426E84E00d8B328119027813AC5": {
      "total": 3342378.8383933944,
      "voters": {
        "0xAAc0aa431c237C2C0B5f041c8e59B3f1a43aC78F": 687407.3599556745,
        "0x3B27944505847cb14f3F2983638d082c8D9526d0": 433.0015753535091,
        "0xde1E6A7ED0ad3F61D531a8a78E83CcDdbd6E0c49": 2654538.4768623663
      }
    },
    "0x2932a86df44Fe8D2A706d8e9c5d51c24883423F5": {
      "total": 687407.3599556745,
      "voters": {
        "0xAAc0aa431c237C2C0B5f041c8e59B3f1a43aC78F": 687407.3599556745
      }
    },
    "0xfB18127c1471131468a1AaD4785c19678e521D86": {
      "total": 8030.412688369608,
      "voters": {
        "0xfCC06F7F02f6ab02051F259Db4f82F20d8d02112": 7597.411113016099,
        "0x3B27944505847cb14f3F2983638d082c8D9526d0": 433.0015753535091
      }
    },
    "0xDeFd8FdD20e0f34115C7018CCfb655796F6B2168": {
      "total": 500,
      "voters": {
        "0x9f63D8C42CD762C36BB3a63a13fdC3b7EEefa853": 500
      }
    },
    "0xBC89cd85491d81C6AD2954E6d0362Ee29fCa8F53": {
      "total": 500,
      "voters": {
        "0x9f63D8C42CD762C36BB3a63a13fdC3b7EEefa853": 500
      }
    },
    "0x66915f81deaFcFbA171aEaa914c76A607437Dd4a": {
      "total": 433.0015753535091,
      "voters": {
        "0x3B27944505847cb14f3F2983638d082c8D9526d0": 433.0015753535091
      }
    },
    "0xa47d0837F84Fb2d1aA08077D10d10101316a959d": {
      "total": 2654971.47843772,
      "voters": {
        "0x3B27944505847cb14f3F2983638d082c8D9526d0": 433.0015753535091,
        "0xde1E6A7ED0ad3F61D531a8a78E83CcDdbd6E0c49": 2654538.4768623663
      }
    },
    "0xc7A770dE69479bEEEEf22b2C9851760BaC3630Da": {
      "total": 2654971.47843772,
      "voters": {
        "0x3B27944505847cb14f3F2983638d082c8D9526d0": 433.0015753535091,
        "0xde1E6A7ED0ad3F61D531a8a78E83CcDdbd6E0c49": 2654538.4768623663
      }
    },
    "0x7970489a543FB237ABab63d62524d8A5CE165B86": {
      "total": 433.0015753535091,
      "voters": {
        "0x3B27944505847cb14f3F2983638d082c8D9526d0": 433.0015753535091
      }
    },
    "0x72E158d38dbd50A483501c24f792bDAAA3e7D55C": {
      "total": 2672402.505137169,
      "voters": {
        "0x687c121cc556038A1D44fd6FFcAd6EB32245e54B": 15474.704713270608,
        "0xde1E6A7ED0ad3F61D531a8a78E83CcDdbd6E0c49": 2656927.8004238983
      }
    }
  }
}