{
  "total": 25770497.485467963,
  "gauges": {
    "0xfB18127c1471131468a1AaD4785c19678e521D86": {
      "total": 18410443.403618313,
      "voters": {
        "0xde1E6A7ED0ad3F61D531a8a78E83CcDdbd6E0c49": 18410443.403618313
      }
    },
    "0xAB1927160EC7414C6Fa71763E2a9f3D107c126dd": {
      "total": 3680027.0409248252,
      "voters": {
        "0xde1E6A7ED0ad3F61D531a8a78E83CcDdbd6E0c49": 3680027.0409248252
      }
    },
    "0xc7A770dE69479bEEEEf22b2C9851760BaC3630Da": {
      "total": 3680027.0409248252,
      "voters": {
        "0xde1E6A7ED0ad3F61D531a8a78E83CcDdbd6E0c49": 3680027.0409248252
      }
    }
  }
}